Image,Instance_ID,Area_pixels,Perimeter_pixels,Width_pixels,Height_pixels,Bounding_Box_Area,Min_Enclosing_Circle_Radius,Min_Enclosing_Circle_Area,Min_Area_Rect_Area,Centroid_X,Centroid_Y,Circularity,Compactness,Aspect_Ratio,Rectangularity,Circle_Ratio,Convexity,Solidity,Shape_Complexity,Hull_Area,Hull_Perimeter,Major_Axis,Minor_Axis,Eccentricity,Ellipse_Ratio,Max_Inscribed_Circle_Radius,Mean_Distance_to_Boundary,Std_Distance_to_Boundary,Skeleton_Length,Branch_Points,End_Points,Mean_Intensity,Std_Intensity,Min_Intensity,Max_Intensity,Intensity_Range
1,1,453.0,80.76955199241638,24,26,624,12.866673469543457,520.0947044298364,575.0,396.86395263671875,207.1836700439453,0.8725949959000984,1.1460070304075958,0.9230769230769231,0.7259615384615384,0.8709952171049498,0.9710610932475884,0.9710610932475884,1.0450174221982353,466.5,77.29014873504639,25.128435134887695,23.04180145263672,0.3989762577679115,0.9961539163126039,11.7876,4.4346666,2.8133268,4,0,2,1.0,0.0,1,1,0
1,2,424.5,76.5269113779068,23,24,552,12.272733688354492,473.18666093300027,506.0,580.2857055664062,706.5,0.9108758492401255,1.0978444546907506,0.9583333333333334,0.7690217391304348,0.8971089742111434,0.9849187935034803,0.9849187935034803,1.0264746219029932,431.0,74.5531450510025,23.831838607788086,22.75710678100586,0.29691623558642355,0.9965824084270248,11.7876,4.3477535,2.7363489,4,0,2,1.0,0.0,1,1,0
1,3,281.5,62.870057225227356,19,20,380,10.404426574707031,340.08397805767686,342.0,335.0,681.5,0.8949536670823435,1.1173762807857084,0.95,0.7407894736842106,0.8277367302268464,0.9774305555555556,0.9774305555555556,1.0301550031766313,288.0,61.02970623970032,20.027957916259766,17.99357032775879,0.4391318760241766,0.9945680462643904,9.196899,3.6174147,2.2009823,3,0,2,1.0,0.0,1,1,0
1,4,6158.0,305.90663504600525,94,91,8554,48.540409088134766,7402.130492054631,7495.501292075962,344.3212585449219,929.7935791015625,0.8269357256417771,1.2092838282248712,1.032967032967033,0.7198971241524433,0.8319226480281499,0.9762980578676179,0.9762980578676179,1.060669010716039,6307.5,288.40913796424866,89.76538848876953,89.69520568847656,0.03953584106362578,0.9738042335904331,40.3938,14.2895355,9.706237,60,4,3,1.0,0.0,1,1,0
1,5,384.0,73.94112491607666,23,23,529,11.849189758300781,441.0899693110753,484.0,939.1363525390625,169.13636779785156,0.8826102797989687,1.1330028925425264,1.0,0.725897920604915,0.8705706924139709,0.973384030418251,0.973384030418251,1.0404868223288606,394.5,71.0639705657959,22.759063720703125,21.583248138427734,0.3172666185657169,0.9953369975598375,10.984499,4.12276,2.58833,3,0,2,1.0,0.0,1,1,0
1,6,667.0,96.91168737411499,31,30,930,15.266340255737305,732.1831803533017,840.4999332144507,190.9069061279297,688.292724609375,0.8924489589330742,1.120512260102251,1.0333333333333334,0.7172043010752688,0.910974217788165,0.9801616458486407,0.9801616458486407,1.0402407025985871,680.5,93.1627527475357,29.60102081298828,28.841474533081055,0.2250789122660411,0.9947450899626223,14.581398,5.254748,3.3967905,4,0,2,1.0,0.0,1,1,0
1,7,679.0,97.25483322143555,31,29,899,15.725909233093262,776.9291245471891,840.0,306.9773864746094,862.8818969726562,0.9021053354412873,1.1085179975250063,1.0689655172413792,0.7552836484983315,0.8739535931230995,0.9826338639652678,0.9826338639652678,1.0348828706524504,691.0,93.97665762901306,30.811397552490234,28.103363037109375,0.409947043490345,0.998412941393048,14.581398,5.326806,3.4434688,3,0,2,1.0,0.0,1,1,0
1,8,950.5,117.9827550649643,37,36,1332,18.703720092773438,1099.0206729137751,1201.2000107916538,586.703369140625,794.0932006835938,0.8580743470806643,1.165400181700099,1.0277777777777777,0.7135885885885885,0.8648608924525413,0.9743721168631471,0.9743721168631471,1.0527623676836415,975.5,112.06969273090363,35.47478103637695,34.48717498779297,0.23431663325354077,0.9892017948081738,16.590698,6.105461,3.9748693,8,0,2,1.0,0.0,1,1,0
1,9,298.0,64.28427076339722,20,20,400,10.569437980651855,350.95680051339457,361.0,225.07940673828125,175.6459197998047,0.9061846154763319,1.1035278936779946,1.0,0.745,0.8491073532812953,0.9834983498349835,0.9834983498349835,1.025079039671658,303.0,62.71152591705322,20.319700241088867,18.803104400634766,0.37908152918947535,0.9930692364878672,9.7876,3.7115715,2.2676587,1,0,0,1.0,0.0,1,1,0
1,10,337.5,69.35533845424652,22,22,484,11.296189308166504,400.879452459913,433.9999814358889,810.086181640625,94.0862045288086,0.8817061099474385,1.1341647616115684,1.0,0.6973140495867769,0.8418989746892782,0.974025974025974,0.974025974025974,1.0381064278888508,346.5,66.80946826934814,21.927762985229492,19.705665588378906,0.43864007340960043,0.9944855086357599,10.187599,3.8762772,2.4024084,2,0,2,1.0,0.0,1,1,0
1,11,442.5,79.01219260692596,26,24,624,12.848752975463867,518.6469543995536,560.9998993700792,812.8058471679688,705.9514770507812,0.890707094678104,1.1227035306835562,1.0833333333333333,0.7091346153846154,0.8531815259809822,0.9768211920529801,0.9768211920529801,1.0367716322225573,453.0,76.20983266830444,25.053342819213867,22.584436416625977,0.43287488138827934,0.9957457354297743,11.587599,4.378337,2.7668517,1,0,0,1.0,0.0,1,1,0
1,12,1535.0,146.71067690849304,43,47,2021,23.790006637573242,1778.02965092009,1932.0,579.0518798828125,229.75265502929688,0.8961790806910978,1.115848407473247,0.9148936170212766,0.7595249876298862,0.8633151866762584,0.9861869579184067,0.9861869579184067,1.039026773163797,1556.5,141.20009291172028,46.772247314453125,41.9761848449707,0.4410974254598798,0.9954679851187098,21.172096,7.6932225,5.1062546,13,0,2,1.0,0.0,1,1,0
1,13,210.0,55.455843687057495,17,18,306,8.778820037841797,242.1152612656024,272.0,199.87930297851562,823.7069091796875,0.8580933275823307,1.165374403758027,0.9444444444444444,0.6862745098039216,0.8673554855744029,0.963302752293578,0.963302752293578,1.0472614441427717,218.0,52.95319902896881,16.709575653076172,16.137529373168945,0.2594171665255797,0.9915781463299495,8.3938,3.1969986,1.9176705,1,0,0,1.0,0.0,1,1,0
1,14,368.5,72.5269113779068,22,23,506,11.409953117370605,408.9946174823669,462.0,494.75372314453125,509.1865539550781,0.8803370704801405,1.135928536389584,0.9565217391304348,0.7282608695652174,0.9009898523074995,0.9722955145118733,0.9722955145118733,1.041917396734744,379.0,69.60907995700836,22.221803665161133,21.228012084960938,0.2957074865290326,0.9946241008183453,10.596899,4.052617,2.537826,2,0,2,1.0,0.0,1,1,0
1,15,340.0,69.11269783973694,21,22,462,11.107669830322266,387.610735370664,420.0,492.2096862792969,89.20967864990234,0.8944850549461454,1.1179616634961076,0.9545454545454546,0.7359307359307359,0.877168687484533,0.975609756097561,0.975609756097561,1.0321072292004594,348.5,66.96271073818207,21.418216705322266,20.29410171508789,0.3197085316006442,0.9959462359000576,10.5907,3.9466732,2.4486923,1,0,0,1.0,0.0,1,1,0
1,16,443.5,79.01219260692596,25,25,625,13.10290813446045,539.3681096068093,558.0000358599646,420.3571472167969,30.64285659790039,0.8927199920672072,1.1201720683821277,1.0,0.7096,0.8222584763554234,0.980110497237569,0.980110497237569,1.0310108550815822,452.5,76.6356554031372,25.921010971069336,21.987123489379883,0.529619126854754,0.9907940533171118,11.199999,4.34515,2.7106392,5,0,2,1.0,0.0,1,1,0
1,17,466.5,81.01219260692596,25,26,650,12.8859281539917,521.6524889646722,594.9999808141292,500.377685546875,215.4352569580078,0.8932247308717535,1.1195390873515536,0.9615384615384616,0.7176923076923077,0.8942735055781411,0.9779874213836478,0.9779874213836478,1.0357215076465822,477.0,78.21812331676483,25.055194854736328,23.872032165527344,0.3036685037473758,0.9930579468120695,11.996899,4.474419,2.8304138,4,0,2,1.0,0.0,1,1,0
1,18,582.5,90.66904675960541,28,29,812,14.374173164367676,649.1059911344639,740.9998844423972,1005.5565185546875,495.6327819824219,0.8904052131408969,1.1230841702650285,0.9655172413793104,0.7173645320197044,0.8973881121971244,0.9765297569153395,0.9765297569153395,1.0385037082379966,596.5,87.30738854408264,27.683761596679688,26.921358108520508,0.23306873471706627,0.995139540507558,13.181398,4.953088,3.1722593,3,0,2,1.0,0.0,1,1,0
1,19,272.5,61.69848430156708,19,20,380,10.314014434814453,334.1991511383288,342.0,562.22412109375,816.22412109375,0.8995542924671761,1.1116616399632033,0.95,0.7171052631578947,0.8153820830239308,0.9819819819819819,0.9819819819819819,1.0279417071280217,277.5,60.02138435840607,20.20577049255371,17.277509689331055,0.5184993973763984,0.9938482201849079,9.196899,3.5519748,2.1482751,4,0,2,1.0,0.0,1,1,0
1,20,267.0,61.455843687057495,19,19,361,10.000100135803223,314.16555710855596,324.0,118.0,422.0,0.8883717814153733,1.1256548450996249,1.0,0.739612188365651,0.8498703755349651,0.9762340036563071,0.9762340036563071,1.0336875472798996,273.5,59.453017354011536,19.314380645751953,17.73527717590332,0.3960195340042627,0.992436237500893,9.0,3.5286195,2.1383388,3,0,2,1.0,0.0,1,1,0
1,21,274.5,62.870057225227356,17,22,374,11.236202239990234,396.63311212729377,336.0,575.0,842.5,0.8726990465865125,1.14587039359263,0.7727272727272727,0.733957219251337,0.6920753502594688,0.9838709677419355,0.9838709677419355,1.022202260235537,279.0,61.504517912864685,22.154212951660156,15.994041442871094,0.6919542975981063,0.9863656155944069,8.5907,3.4703205,2.0476112,5,0,2,1.0,0.0,1,1,0
1,22,232.5,57.69848430156708,19,18,342,9.118247985839844,261.1996985958089,299.9999863596895,962.0,152.625,0.8776149481890613,1.1394518770030952,1.0555555555555556,0.6798245614035088,0.8901235386177838,0.9647302904564315,0.9647302904564315,1.0382263799138736,241.0,55.57408809661865,17.68461036682129,16.870609283447266,0.2998981762123815,0.9922173403851616,8.7876,3.3308158,2.022305,1,0,0,1.0,0.0,1,1,0
1,23,1137.0,128.22539567947388,40,39,1560,20.14560317993164,1275.0006993151906,1452.138134761015,678.7154541015625,552.8598022460938,0.8690049152970994,1.1507414772885554,1.0256410256410255,0.7288461538461538,0.8917642167652838,0.9722103463018384,0.9722103463018384,1.0452015880247392,1169.5,122.68006205558777,38.859710693359375,37.506072998046875,0.26163814624912574,0.9932748193946984,18.378298,6.624782,4.364981,9,0,2,1.0,0.0,1,1,0
1,24,461.5,80.18376553058624,24,26,624,13.069904327392578,536.65439416658,575.0,810.9000244140625,802.0999755859375,0.9020044384637582,1.1086419948255932,0.9230769230769231,0.7395833333333334,0.8599575537189178,0.9840085287846482,0.9840085287846482,1.0278213955767248,469.0,78.01332592964172,25.40256118774414,23.225704193115234,0.4050250019262174,0.9959451645262841,11.984499,4.4919724,2.8282716,3,0,2,1.0,0.0,1,1,0
1,25,280.5,64.87005722522736,21,19,399,10.788542747497559,365.65830866898546,360.0,444.4345703125,7.8177571296691895,0.8376337497649264,1.1938391931803607,1.105263157894737,0.7030075187969925,0.7671096030089787,0.9655765920826161,0.9655765920826161,1.0403358358006085,290.5,62.35491943359375,20.28127670288086,18.088272094726562,0.4522908771122148,0.9735328524578077,9.390699,4.0555444,2.346213,3,0,2,1.0,0.0,1,1,0
1,26,391.0,74.76955199241638,23,24,552,12.215044975280762,468.7486321489247,506.0,682.370361328125,615.74072265625,0.8788951432094776,1.1377921561248838,0.9583333333333334,0.7083333333333334,0.834135767410147,0.9738480697384807,0.9738480697384807,1.0415321196336549,401.5,71.78804242610931,23.662384033203125,21.173728942871094,0.44641402892753507,0.9936444894140433,10.790699,4.1205797,2.5732858,4,0,2,1.0,0.0,1,1,0
1,27,468.0,81.5979790687561,25,26,650,13.17643928527832,545.4387682397627,600.0,216.3661346435547,261.66534423828125,0.883276979222877,1.1321476994451027,0.9615384615384616,0.72,0.8580248182767193,0.9760166840458812,0.9760166840458812,1.0400308002784369,479.5,78.45727169513702,25.588756561279297,23.438261032104492,0.40127104864007507,0.9935309540541338,11.984499,4.4621854,2.8173552,2,0,2,1.0,0.0,1,1,0
1,28,373.0,73.94112491607666,23,23,529,12.206655502319336,468.10496632287936,482.7999249757704,299.0,721.0,0.8573271728255607,1.1664158464780967,1.0,0.7051039697542533,0.7968298284251061,0.966321243523316,0.966321243523316,1.048410473280396,386.0,70.52688503265381,23.34024429321289,20.493318557739258,0.4786147271840196,0.992890286832242,10.596899,4.0256925,2.4960406,6,0,2,1.0,0.0,1,1,0
1,29,359.0,71.94112491607666,24,21,504,11.690720558166504,429.3707267710265,460.0,238.38888549804688,112.63888549804688,0.8716655130933977,1.147229051716368,1.1428571428571428,0.7123015873015873,0.8361073021902734,0.9742198100407056,0.9742198100407056,1.043021335535467,368.5,68.97378075122833,22.80705451965332,20.171875,0.46662037641681475,0.9935485598920566,10.187599,3.9797544,2.4726775,3,0,2,1.0,0.0,1,1,0
1,30,1061.0,123.39696860313416,38,38,1444,19.726076126098633,1222.4504994103872,1359.9999290466076,390.10137939453125,820.0755615234375,0.8756211966125449,1.142046359622895,1.0,0.7347645429362881,0.8679288040797905,0.9796860572483841,0.9796860572483841,1.0443516860086448,1083.0,118.15652740001678,38.01213836669922,35.97755432128906,0.32277591994453736,0.9878057810263279,17.575197,6.418758,4.200234,10,0,2,1.0,0.0,1,1,0
1,31,544.5,88.66904675960541,28,28,784,13.964521408081055,612.6352545775391,702.000001259672,944.2183227539062,209.50352478027344,0.8702893499564194,1.1490431315172085,1.0,0.6945153061224489,0.8887833273249615,0.9688612099644128,0.9688612099644128,1.0477107845820173,562.0,84.63122463226318,27.36475372314453,25.46462631225586,0.3661319044998257,0.9948993597933175,12.984499,4.7733808,3.0590856,3,0,2,1.0,0.0,1,1,0
1,32,887.0,113.74011445045471,34,36,1224,19.833904266357422,1235.8515255787347,1155.0,221.6999969482422,720.7000122070312,0.8616009358445149,1.160630122830392,0.9444444444444444,0.7246732026143791,0.717723756973661,0.9806522940851299,0.9806522940851299,1.0392255827146142,904.5,109.44699239730835,38.696773529052734,29.362577438354492,0.6513397841797293,0.993950616707115,15.378298,5.8032336,3.720938,11,0,2,1.0,0.0,1,1,0
1,33,327.5,67.69848430156708,19,23,437,11.88707447052002,443.915019925273,396.0,683.29248046875,140.08489990234375,0.8979729978155515,1.1136192317949913,0.8260869565217391,0.7494279176201373,0.73775381615862,0.9879336349924586,0.9879336349924586,1.0174080462975015,331.5,66.54015028476715,22.941753387451172,18.39366340637207,0.5976529640276446,0.9881584325306645,9.7876,3.804725,2.3077755,9,0,2,1.0,0.0,1,1,0
1,34,413.5,76.18376553058624,24,24,576,12.231547355651855,470.0160353397548,526.9999554933383,938.5908813476562,539.4091186523438,0.895283351466093,1.1169648116011828,1.0,0.7178819444444444,0.879757218710843,0.9810201660735468,0.9810201660735468,1.0317685571889146,421.5,73.83803761005402,24.037761688232422,22.113853454589844,0.3920049974141326,0.9904377389030333,10.984499,4.232146,2.6412687,3,0,2,1.0,0.0,1,1,0
1,35,457.0,81.5979790687561,25,26,650,13.207329750061035,547.9991878924242,592.7999732222233,116.75806427001953,725.6613159179688,0.862516195523194,1.1593985193442191,0.9615384615384616,0.703076923076923,0.8339428416994518,0.970276008492569,0.970276008492569,1.0477033826251132,471.0,77.88271033763885,25.66156578063965,22.813812255859375,0.457855725415652,0.9939059796427067,11.587599,4.4154987,2.7837858,5,0,2,1.0,0.0,1,1,0
1,36,649.5,95.49747383594513,29,31,899,15.403021812438965,745.352536168109,819.9999132641824,731.5,270.0,0.8949633536084695,1.1173641870005353,0.9354838709677419,0.7224694104560623,0.8713997316479377,0.9803773584905661,0.9803773584905661,1.036122269765211,662.5,92.16815102100372,29.938274383544922,27.789113998413086,0.3720476829059311,0.9940032612987172,14.181398,5.1728563,3.3231487,3,0,2,1.0,0.0,1,1,0
1,37,1215.5,132.46803629398346,42,39,1638,21.383188247680664,1436.4641485616307,1558.0,317.7790832519531,283.9534912109375,0.8704475965067442,1.1488342365619388,1.0769230769230769,0.7420634920634921,0.8461749645594093,0.9774829111379172,0.9774829111379172,1.0490843459525263,1243.5,126.27014863491058,41.712181091308594,37.31957244873047,0.44668273395617286,0.99418114631195,18.781397,6.8486605,4.5171685,8,0,2,1.0,0.0,1,1,0
1,38,1044.0,120.91168737411499,37,36,1332,19.244903564453125,1163.5400887022804,1260.0,852.6969604492188,762.5757446289062,0.8973746536834416,1.1143617617182673,1.0277777777777777,0.7837837837837838,0.8972617360905838,0.9835138954309939,0.9835138954309939,1.0369580913054421,1061.5,116.60228931903839,36.96213912963867,36.024166107177734,0.2238508593154893,0.9982965801965205,18.0,6.485732,4.278402,4,0,2,1.0,0.0,1,1,0
1,39,460.5,81.01219260692596,25,26,650,13.124905586242676,541.18063599294,593.9998410894186,437.90234375,820.46875,0.881736309895911,1.1341259158512482,0.9615384615384616,0.7084615384615385,0.850917363580628,0.975635593220339,0.975635593220339,1.0386811341170306,472.0,77.99524796009064,25.439960479736328,23.21396255493164,0.4090768255482689,0.9928280560799558,11.7876,4.433559,2.7963724,4,0,2,1.0,0.0,1,1,0
1,40,516.5,85.01219260692596,26,27,702,13.333154678344727,558.4903937731314,650.0,626.7817993164062,473.79425048828125,0.8980856453859093,1.11347954968181,0.9629629629629629,0.7357549857549858,0.9248144744452156,0.978219696969697,0.978219696969697,1.035947594524242,528.0,82.06225204467773,26.083478927612305,25.272424697875977,0.24743128961279087,0.9976265937629674,12.984499,4.713333,3.0169497,1,0,0,1.0,0.0,1,1,0
1,41,708.5,102.32590091228485,30,34,1020,16.835540771484375,890.4386742944527,883.5537453722063,759.5116577148438,769.465087890625,0.8503125021980732,1.1760382182021103,0.8823529411764706,0.6946078431372549,0.795675233402667,0.967896174863388,0.967896174863388,1.0454274359055922,732.0,97.87948679924011,32.49064254760742,28.341352462768555,0.4889839773169496,0.9796503587727154,13.784498,5.2156835,3.3146527,19,4,3,1.0,0.0,1,1,0
1,42,276.0,62.28427076339722,19,20,380,10.087532997131348,319.68319673696516,342.0,298.1363525390625,612.6818237304688,0.894050762831577,1.118504722072903,0.95,0.7263157894736842,0.8633547299863007,0.9752650176678446,0.9752650176678446,1.031020620156581,283.0,60.41030561923981,19.417335510253906,18.212520599365234,0.3467662411872696,0.9937096559201375,9.196899,3.5955634,2.1961687,2,0,2,1.0,0.0,1,1,0
1,43,295.5,64.87005722522736,20,20,400,10.441957473754883,342.5419084242625,361.0,126.19892120361328,313.05914306640625,0.8824269984154572,1.133238218907246,1.0,0.73875,0.8626681662379315,0.9752475247524752,0.9752475247524752,1.0350490261005254,303.0,62.67341506481171,19.59571647644043,19.421302795410156,0.13312394251174905,0.9886170526460173,9.7876,3.6834972,2.2579076,2,0,2,1.0,0.0,1,1,0
1,44,281.5,64.04163014888763,20,19,380,10.368509292602539,337.74001253832165,342.0,967.5,685.9375,0.8625087446582487,1.159408534920106,1.0526315789473684,0.7407894736842106,0.8334813452642352,0.9690189328743546,0.9690189328743546,1.0346754435956098,290.5,61.89538037776947,19.592344284057617,18.702505111694336,0.29794735839233405,0.9781429564292544,9.0,3.5606818,2.149756,2,0,2,1.0,0.0,1,1,0
1,45,158.5,47.21320307254791,15,15,225,7.661896705627441,184.4261321302752,196.0,712.625,606.75,0.8935362996142313,1.1191487132998765,1.0,0.7044444444444444,0.8594226760014603,0.9753846153846154,0.9753846153846154,1.0233545855091886,162.5,46.135722398757935,14.787581443786621,13.788495063781738,0.3613313716471483,0.9897496746345066,7.0,2.8800604,1.6676552,2,0,2,1.0,0.0,1,1,0
1,46,370.0,72.28427076339722,22,22,484,11.801227569580078,437.52637977635305,441.0,967.8985595703125,666.57470703125,0.8898647019391439,1.1237663409064944,1.0,0.7644628099173554,0.8456632950660713,0.9762532981530343,0.9762532981530343,1.0314550962329239,379.0,70.07990074157715,22.337045669555664,21.24396324157715,0.308993514644593,0.9927743988171945,10.7876,4.058796,2.5208974,7,0,2,1.0,0.0,1,1,0
1,47,282.5,63.69848430156708,19,21,399,10.773555755615234,364.6430998763643,360.0,730.1123046875,27.715858459472656,0.8749235757960232,1.142956970944782,0.9047619047619048,0.7080200501253133,0.7747301405011757,0.9775086505190311,0.9775086505190311,1.0318840011397694,289.0,61.730276107788086,20.836463928222656,17.543624877929688,0.5395282889426023,0.9839776175480951,9.196899,3.5762212,2.1624994,1,0,0,1.0,0.0,1,1,0
1,48,1553.5,148.46803629398346,44,46,2024,23.905481338500977,1795.3323563926415,1935.0,396.7738037109375,298.79364013671875,0.8856358594353738,1.1291322379804467,0.9565217391304348,0.7675395256916996,0.8652993939915644,0.9826059456040481,0.9826059456040481,1.0431387232476796,1581.0,142.32818031311035,46.71792221069336,42.49884796142578,0.4152869780965194,0.9962324859866221,21.387596,7.7183385,5.1364975,7,0,2,1.0,0.0,1,1,0
1,49,164.5,49.21320307254791,15,16,240,7.927800178527832,197.44914750896743,210.0,648.9850463867188,38.164180755615234,0.8535176408846876,1.1716219467514235,0.9375,0.6854166666666667,0.833125906469305,0.9591836734693877,0.9591836734693877,1.0402244344425542,171.5,47.31017792224884,15.130167007446289,14.082075119018555,0.36571132042158794,0.9830274437017257,7.3938,2.8701656,1.6722152,1,0,0,1.0,0.0,1,1,0
1,50,565.5,91.84061968326569,30,27,810,15.509787559509277,755.7211402545449,754.0,252.5799102783203,386.2893371582031,0.8425057284629741,1.1869355497728789,1.1111111111111112,0.6981481481481482,0.7482918895315355,0.9724849527085124,0.9724849527085124,1.038967914436029,581.5,88.39601147174835,30.062463760375977,24.653430938720703,0.5722581555043085,0.9714954938475096,12.0,4.696025,2.9505985,15,0,2,1.0,0.0,1,1,0
1,51,240.0,58.28427076339722,18,19,342,9.34101390838623,274.11822448481735,306.0,96.4479751586914,426.01446533203125,0.8878066047573532,1.1263714356724237,0.9473684210526315,0.7017543859649122,0.8755346363820219,0.973630831643002,0.973630831643002,1.0350514809524716,246.5,56.31050419807434,18.048959732055664,17.078998565673828,0.32340851616408717,0.991303825786588,8.7876,3.3746405,2.039633,4,0,2,1.0,0.0,1,1,0
1,52,109.0,39.79898953437805,12,14,168,6.670932292938232,139.80507545804366,143.0,481.5,480.5,0.8647533842870619,1.1563990591658,0.8571428571428571,0.6488095238095238,0.7796569591116994,0.960352422907489,0.960352422907489,1.0355299694530278,113.5,38.43345022201538,12.939261436462402,10.935187339782715,0.534581685667878,0.9808461710274925,5.7938,2.4334009,1.3376626,6,0,2,1.0,0.0,1,1,0
1,53,202.0,52.62741661071777,16,17,272,8.748098373413086,240.4236515190265,240.0,686.414306640625,425.6428527832031,0.9165098354623291,1.0910957649413053,0.9411764705882353,0.7426470588235294,0.8401835623231696,0.9877750611246944,0.9877750611246944,1.0172165637324342,204.5,51.7366886138916,16.838083267211914,15.392561912536621,0.40537233136450895,0.9923341243803099,8.0,3.1719286,1.8719746,2,0,2,1.0,0.0,1,1,0
1,54,1851.0,204.5096664428711,51,55,2805,30.242097854614258,2873.25189177438,2577.187978979491,31.14816665649414,491.5921630859375,0.5561457234547671,1.7980898851258234,0.9272727272727272,0.6598930481283423,0.6442177956270004,0.903147109050988,0.903147109050988,1.2172262314971878,2049.5,168.01286494731903,56.40967559814453,44.251007080078125,0.6201822649377389,0.9441473450376114,20.575197,6.7878184,4.844281,116,19,4,1.0,0.0,1,1,0
1,55,582.5,91.84061968326569,25,32,800,15.787753105163574,783.0518589852545,744.0,571.0,149.5,0.8678330447916578,1.1522953706378762,0.78125,0.728125,0.7438843204521004,0.9789915966386554,0.9789915966386554,1.0370687439278004,595.0,88.55788993835449,31.370582580566406,23.840192794799805,0.649977117397868,0.9916849014934941,12.590698,4.807297,3.0143068,8,0,2,1.0,0.0,1,1,0
1,56,138.0,44.62741661071777,15,14,210,7.4434380531311035,174.05921856542557,179.99997832882218,551.868408203125,791.868408203125,0.8707339061742554,1.1484564835584514,1.0714285714285714,0.6571428571428571,0.7928336179915022,0.965034965034965,0.965034965034965,1.032632177646366,143.0,43.21714699268341,14.49511432647705,12.34389877319336,0.5242079350214042,0.9820084127002506,6.3968997,2.6581986,1.50095,6,0,2,1.0,0.0,1,1,0
1,57,594.5,93.01219260692596,27,30,810,16.225080490112305,827.0344351121464,754.0,60.0,492.5,0.8635390041181195,1.1580252834337692,0.9,0.7339506172839506,0.7188334303388292,0.9706122448979592,0.9706122448979592,1.0357393853803165,612.5,89.80269932746887,31.125858306884766,24.54485321044922,0.6149476744220596,0.9907867780330742,12.793798,4.86176,3.0699568,4,0,2,1.0,0.0,1,1,0
1,58,298.5,67.69848430156708,21,21,441,12.041694641113281,455.5385054741673,400.0,769.0,81.0,0.8184578315967699,1.2218100449342033,1.0,0.6768707482993197,0.6552684271756416,0.9644588045234249,0.9644588045234249,1.041406945625691,309.5,65.00675320625305,22.862558364868164,17.175750732421875,0.6600051215857903,0.9678630234726755,8.7876,3.538791,2.116326,11,0,2,1.0,0.0,1,1,0
1,59,1075.0,123.39696860313416,38,38,1444,19.709461212158203,1220.3920711695143,1369.0,748.1279296875,406.7325439453125,0.88717510495616,1.1271731977301316,1.0,0.7444598337950139,0.8808644577392382,0.979498861047836,0.979498861047836,1.0424604431458537,1097.5,118.37088823318481,38.52540588378906,35.581443786621094,0.38339642589625916,0.9984993661501308,17.984497,6.5428934,4.31395,3,0,2,1.0,0.0,1,1,0
1,60,414.5,77.01219260692596,25,24,600,12.324243545532227,477.16701730682,527.9998686366089,745.1260375976562,737.300537109375,0.8782444667395682,1.1386351270876116,1.0416666666666667,0.6908333333333333,0.8686685897518249,0.9718640093786636,0.9718640093786636,1.040380827656054,426.5,74.02307939529419,23.569982528686523,22.574663162231445,0.28752964257761,0.9918685364590484,10.984499,4.2257895,2.661692,2,0,2,1.0,0.0,1,1,0
1,61,118.5,41.21320307254791,14,13,182,6.609219551086426,137.23036880243612,152.9999767241825,358.5833435058594,449.5833435058594,0.8767090230812532,1.1406293007974668,1.0769230769230769,0.6510989010989011,0.8635114882668478,0.9634146341463414,0.9634146341463414,1.0350238126660258,123.0,39.81860375404358,12.825814247131348,11.945355415344238,0.3641185781472253,0.9847918529867262,6.1969,2.5329487,1.4239041,1,0,0,1.0,0.0,1,1,0
1,62,676.0,98.08326029777527,29,32,928,16.168001174926758,821.2257090924892,867.692061341113,711.5882568359375,772.7647094726562,0.8830123406307941,1.1324870038459869,0.90625,0.728448275862069,0.8231598116272156,0.976878612716763,0.976878612716763,1.0394944299025328,692.0,94.3566963672638,31.026704788208008,27.9008846282959,0.4374270926661815,0.9942673720261134,14.181398,5.2463055,3.3762925,5,0,2,1.0,0.0,1,1,0
1,63,352.5,71.35533845424652,21,24,504,12.349188804626465,479.1006209724111,460.0,238.5,75.5,0.8699935733188808,1.1494337782119082,0.875,0.6994047619047619,0.73575358613509,0.9737569060773481,0.9737569060773481,1.0369238777443646,362.0,68.81444239616394,23.604557037353516,19.21625328063965,0.5807375748430421,0.9894746466643874,10.187599,3.8912957,2.384938,4,0,2,1.0,0.0,1,1,0
1,64,178.5,51.21320307254791,14,18,252,8.75385570526123,240.74021271299375,221.0,753.9366455078125,976.2464599609375,0.8552325194569572,1.1692726565577336,0.7777777777777778,0.7083333333333334,0.7414631647468243,0.967479674796748,0.967479674796748,1.033313534515444,184.5,49.562113881111145,16.95338249206543,13.67187786102295,0.5913165645288332,0.9805365994173034,7.0,2.9522069,1.704947,4,0,2,1.0,0.0,1,1,0
1,65,966.0,117.25483322143555,36,34,1224,19.019643783569336,1136.461245331842,1155.0,818.8956298828125,617.55859375,0.8829283947794876,1.1325946768874176,1.0588235294117647,0.7892156862745098,0.8500069878915509,0.9807106598984772,0.9807106598984772,1.0394695678374823,985.0,112.80256474018097,36.695465087890625,33.71714782714844,0.3946374653740242,0.9940861397219836,17.0,6.215115,4.064812,6,0,2,1.0,0.0,1,1,0
1,66,266.0,63.79898953437805,20,18,360,10.729476928710938,361.66540896335704,323.0,34.011451721191406,473.1412353515625,0.8212282868657106,1.2176882067915455,1.1111111111111112,0.7388888888888889,0.7354864286370013,0.9602888086642599,0.9602888086642599,1.0280441689971476,277.0,62.0586074590683,20.97325325012207,17.12781524658203,0.5771327023003326,0.9428095753088233,8.3938,3.3567884,1.9765542,11,0,2,1.0,0.0,1,1,0
1,67,178.0,51.455843687057495,17,16,272,8.412248611450195,222.31771544785076,229.76468941666462,679.8636474609375,576.8636474609375,0.8448127496353952,1.1836942570191804,1.0625,0.6544117647058824,0.800655942516437,0.956989247311828,0.956989247311828,1.0436748966816793,186.0,49.30255949497223,16.3099422454834,14.27501106262207,0.48370029379103113,0.9734221948064108,7.0,2.903668,1.6749455,7,3,3,1.0,0.0,1,1,0
1,68,1002.0,119.74011445045471,37,36,1332,19.096818923950195,1145.702690501962,1260.0,881.6401977539062,682.0424194335938,0.8782097365042475,1.1386801562694397,1.0277777777777777,0.7522522522522522,0.8745724421411613,0.978515625,0.978515625,1.0453216141757498,1024.0,114.54858756065369,36.433013916015625,35.25571060180664,0.25215902140459034,0.9932378654136355,17.378298,6.301215,4.127442,11,0,2,1.0,0.0,1,1,0
1,69,528.0,95.5979790687561,35,22,770,17.329843521118164,943.4940273675188,678.9519164832818,40.264705657958984,473.5,0.7260162873112568,1.3773795677551808,1.5909090909090908,0.6857142857142857,0.5596219845431288,0.9295774647887324,0.9295774647887324,1.048438472549239,568.0,91.18129634857178,36.7220458984375,19.330284118652344,0.8502404354082688,0.947063141384227,9.390699,4.0744867,2.3654938,22,0,2,1.0,0.0,1,1,0
1,70,395.0,75.11269783973694,24,22,528,11.972180366516113,450.29422254775335,483.0,346.2415771484375,232.11798095703125,0.8797924643694824,1.136631694972139,1.0909090909090908,0.7481060606060606,0.8772042371876325,0.9741060419235512,0.9741060419235512,1.0377124788514058,405.5,72.38295710086823,23.501686096191406,21.522289276123047,0.40168843852554065,0.9943052411476767,10.984499,4.156767,2.5987551,1,0,0,1.0,0.0,1,1,0
1,71,237.0,58.28427076339722,18,19,342,9.65670394897461,292.95958185947944,295.99998054312164,45.5,352.0,0.8767090221978864,1.1406293019467582,0.9473684210526315,0.6929824561403509,0.8089853163214817,0.9753086419753086,0.9753086419753086,1.0361486167225373,243.0,56.25087928771973,18.33512306213379,16.680803298950195,0.41510571245805417,0.986637627704866,8.5907,3.3263128,1.9920791,7,2,2,1.0,0.0,1,1,0
1,72,275.5,62.870057225227356,20,19,380,10.30786418914795,333.8007041370033,342.0,270.0,786.5,0.8758782780859169,1.1417111544144354,1.0526315789473684,0.725,0.8253427766495223,0.9734982332155477,0.9734982332155477,1.0367008959762878,283.0,60.644355058670044,19.735984802246094,17.923723220825195,0.4185912194606226,0.991618660625106,9.390699,3.5618474,2.1705635,3,0,2,1.0,0.0,1,1,0
1,73,423.0,79.94112491607666,25,24,600,13.139972686767578,542.4238759248135,535.4999841108802,739.125,757.375,0.8317823887434257,1.2022375245413657,1.0416666666666667,0.705,0.7798329291438361,0.9580973952434881,0.9580973952434881,1.0452756974928978,441.5,76.47850716114044,24.252422332763672,22.759395599365234,0.34544761000788166,0.9757411903005101,10.984499,4.1982,2.6207793,6,0,2,1.0,0.0,1,1,0
1,74,245.5,58.870057225227356,19,18,342,9.438484191894531,279.8687307789294,306.0,870.8695678710938,716.3912963867188,0.8901689560652429,1.1233822446698616,1.0555555555555556,0.7178362573099415,0.8771969605776448,0.9742063492063492,0.9742063492063492,1.033323122045678,252.0,56.9715861082077,18.08022689819336,17.426578521728516,0.2664550877318317,0.9920775254606106,8.7876,3.4067264,2.061271,1,0,0,1.0,0.0,1,1,0
1,75,595.0,92.08326029777527,29,29,841,15.302123069763184,735.6195349426836,755.9999640079768,787.5625,376.0859375,0.881790579374243,1.1340561164870275,1.0,0.7074910820451843,0.8088420327858203,0.9802306425041186,0.9802306425041186,1.035606489437866,607.0,88.91722989082336,29.933015823364258,25.65205955505371,0.5153461309976081,0.9866301200897417,12.599998,4.897592,3.0911746,6,0,2,1.0,0.0,1,1,0
1,76,222.5,56.041630148887634,19,16,304,9.352688789367676,274.80386688416394,270.0,561.1259155273438,955.0467529296875,0.8902630736495967,1.1232634819958793,1.1875,0.7319078947368421,0.8096683737488628,0.9801762114537445,0.9801762114537445,1.0224801144346412,227.0,54.80950617790222,18.41397476196289,15.643397331237793,0.5275251499457945,0.9834709001989406,8.0,3.2421982,1.9149647,3,0,2,1.0,0.0,1,1,0
32,1,32726.5,703.0020879507065,170,232,39440,122.00493621826172,46763.24898381403,39038.98779296968,959.387939453125,698.1090087890625,0.8321396110336204,1.2017214259971065,0.7327586206896551,0.8297794117647059,0.6998337521699463,0.9933828104842993,0.9933828104842993,1.038499062777677,32944.5,676.9405126571655,242.9345245361328,177.73135375976562,0.6817321291039741,0.9650646154646637,102.888374,41.96525,27.59981,86,0,2,1.0,0.0,1,1,0
32,2,77436.0,1054.1463112831116,321,307,98547,167.1098175048828,87731.14602664609,96675.91205783747,868.2525634765625,289.8432312011719,0.8756912059969044,1.1419550557911335,1.0456026058631922,0.7857773448202381,0.8826511849791726,0.9938777867621578,0.9938777867621578,1.0572964856358065,77913.0,997.0205383300781,331.544921875,297.6549987792969,0.4404404937720582,0.9990735674077265,145.99536,52.33012,35.793507,127,0,2,1.0,0.0,1,1,0
32,3,34494.5,750.3746713399887,158,260,41080,133.94715881347656,56365.95699023679,40662.9825134296,49.65802001953125,444.7166748046875,0.769845163926201,1.2989625016282653,0.6076923076923076,0.839690847127556,0.6119739971056436,0.99134945610783,0.99134945610783,1.0412783637771081,34795.5,720.6283136606216,281.7425231933594,164.62904357910156,0.8115201430885464,0.9468934622607252,122.922485,46.29619,31.52477,151,0,2,1.0,0.0,1,1,0
32,4,66207.5,980.8742331266403,290,303,87870,157.23638916015625,77670.48134297969,84881.27308425307,490.5,846.0,0.8647496622722368,1.1564040364842423,0.9570957095709571,0.7534710367588483,0.8524152143159625,0.9910412238421699,0.9910412238421699,1.0599028234788197,66806.0,925.4378905296326,312.94830322265625,271.0765075683594,0.49969366134514576,0.9936943600849041,130.06976,47.1268,32.539936,112,9,4,1.0,0.0,1,1,0
32,5,7681.5,336.14927566051483,99,101,9999,53.120582580566406,8864.934506210979,9764.873658246244,195.83380126953125,804.2760620117188,0.8542628875877045,1.1705998405524003,0.9801980198019802,0.7682268226822683,0.8665038635782546,0.9765446224256293,0.9765446224256293,1.057221065809091,7866.0,317.9555218219757,101.97339630126953,96.54765319824219,0.3218444398439619,0.9934077589583589,46.54419,16.311314,11.214736,29,7,4,1.0,0.0,1,1,0
32,6,142356.0,1438.4793524742126,416,440,183040,232.51710510253906,169847.70662777583,181027.37389757857,473.7550048828125,467.2156982421875,0.864526630055179,1.156702367787299,0.9454545454545454,0.7777316433566434,0.8381390766257187,0.9935441544936174,0.9935441544936174,1.0646015773602218,143281.0,1351.1903260946274,458.051513671875,396.25152587890625,0.5016327099633805,0.9986208395986352,196.12715,69.69753,48.592552,415,8,4,1.0,0.0,1,1,0
32,7,12708.0,426.1320307254791,130,129,16770,65.77262878417969,13590.651390210567,16301.999020508374,86.88682556152344,865.289794921875,0.8794248042946525,1.1371068852237518,1.0077519379844961,0.7577817531305904,0.9350545191052176,0.9891803533898965,0.9891803533898965,1.0563487569855148,12847.0,403.40089190006256,127.85380554199219,126.75373840332031,0.13089756577666012,0.9984191182566832,61.316284,21.278547,14.745143,22,4,3,1.0,0.0,1,1,0
32,8,33606.0,743.0193328857422,244,166,40504,131.92694091796875,54678.53338970381,40094.987548829056,903.0846557617188,55.0,0.7649383930030753,1.3072948215791538,1.4698795180722892,0.8296958325103694,0.6146104863582195,0.988658929438242,0.988658929438242,1.0307070464412857,33991.5,720.8831408023834,271.1122131347656,170.06875610351562,0.7787775100195993,0.9280114276192947,145.0,55.370464,36.207268,166,4,3,1.0,0.0,1,1,0
32,9,4107.0,360.16652059555054,40,161,6440,80.00166320800781,20107.02901119454,6240.0,0.5,928.0,0.3978578085423626,2.513460785559832,0.2484472049689441,0.6377329192546584,0.20425692914221377,0.9678331565924355,0.9678331565924355,1.039803813699652,4243.5,346.3793033361435,169.63412475585938,37.59981918334961,0.9751257313082812,0.8198527216419131,37.5907,14.24119,9.384322,165,1,4,1.0,0.0,1,1,0
32,10,6440.5,318.83556735515594,84,106,8904,54.27972412109375,9256.038151956338,7934.849833996617,180.8644256591797,400.4067077636719,0.7961518768316742,1.256041754218491,0.7924528301886793,0.723326594788859,0.6958160602048457,0.9787250208950687,0.9787250208950687,1.0596845937551898,6580.5,300.8777981996536,103.48522186279297,82.13721466064453,0.6082968531156941,0.964742468032904,39.759693,14.379993,9.746849,84,3,3,1.0,0.0,1,1,0
32,11,1300.0,137.88224983215332,43,42,1806,22.580406188964844,1601.8187489289683,1605.3793224659166,675.080810546875,613.673828125,0.8592835423368116,1.1637602150281054,1.0238095238095237,0.7198228128460686,0.811577465221471,0.9803921568627451,0.9803921568627451,1.0462238886062452,1326.0,131.790385723114,43.245155334472656,39.070594787597656,0.4286564775279283,0.979638820669311,18.781397,6.943992,4.5426164,18,1,3,1.0,0.0,1,1,0
32,12,16521.5,502.7422024011612,151,163,24613,83.31426239013672,21806.631270021862,19514.48143176455,338.5,721.0,0.8214263912954505,1.2173945354043538,0.9263803680981595,0.6712509649372282,0.7576365095287566,0.9828960675828425,0.9828960675828425,1.0645117601188374,16809.0,472.2749162912369,156.44557189941406,137.59654235839844,0.47586744044038654,0.9772120135557413,63.731785,22.927744,15.6883545,163,8,4,1.0,0.0,1,1,0
Human_1_004h_patch_0,1,743.5,105.15432798862457,36,30,1080,18.07219696044922,1026.0576788642063,988.9997950317775,151.42105102539062,663.1929931640625,0.8449607435748795,1.1834869342795464,1.2,0.6884259259259259,0.7246181333811728,0.9738048461034708,0.9738048461034708,1.0474630079191978,763.5,100.38953852653503,35.00202560424805,27.449262619018555,0.6204838049404169,0.9852971600768293,14.181398,5.331295,3.401223,10,0,2,1.0,0.0,1,1,0
Human_1_004h_patch_0,2,614.0,93.5979790687561,25,32,800,16.286596298217773,833.317564092134,744.0,213.0,134.5,0.8807350737636902,1.1354152114399725,0.78125,0.7675,0.7368139427961395,0.9847634322373697,0.9847634322373697,1.0269603260054003,623.5,91.14079356193542,31.83999252319336,24.842039108276367,0.6255114595534832,0.9883671251096587,12.984499,4.94867,3.106617,9,0,2,1.0,0.0,1,1,0
Human_1_004h_patch_0,3,601.0,93.25483322143555,28,30,840,14.655278205871582,674.7424086208972,780.7998832076082,632.0,219.65516662597656,0.86844363518745,1.1514852081150369,0.9333333333333333,0.7154761904761905,0.8907102804289136,0.9724919093851133,0.9724919093851133,1.0508115261802098,618.0,88.7455370426178,28.51059341430664,26.91915512084961,0.32942768884439133,0.9970499333982614,13.784498,5.019313,3.2388458,2,0,2,1.0,0.0,1,1,0
Human_1_004h_patch_0,4,479.5,82.18376553058624,24,27,648,13.326144218444824,557.9032491257685,598.0,280.0,580.7115478515625,0.8921264248375894,1.120917363457818,0.8888888888888888,0.7399691358024691,0.8594680184268043,0.9785714285714285,0.9785714285714285,1.0332970993769948,490.0,79.53546524047852,26.041709899902344,23.561908721923828,0.4258882067723765,0.9949901107546805,11.984499,4.5540934,2.8774524,1,0,0,1.0,0.0,1,1,0
Human_1_004h_patch_0,5,373.0,73.11269783973694,22,23,506,11.91564655303955,446.05159606944534,462.0,523.875,80.73213958740234,0.8768656887602874,1.1404255096510845,0.9565217391304348,0.7371541501976284,0.8362261300863678,0.9713541666666666,0.9713541666666666,1.0342261182291157,384.0,70.69314587116241,22.79317283630371,21.157482147216797,0.3719876169000287,0.9848048611349541,10.596899,4.011632,2.4721315,7,3,2,1.0,0.0,1,1,0
Human_1_004h_patch_0,6,861.5,113.15432798862457,33,37,1221,18.50311279296875,1075.5719438498486,1120.588271662913,179.5,359.3333435058594,0.8455179001556964,1.182707071980211,0.8918918918918919,0.7055692055692055,0.8009692005505368,0.9674340258281864,0.9674340258281864,1.052096463366923,890.5,107.55128633975983,36.19148254394531,30.599952697753906,0.5339730491824521,0.9904630338869249,15.399998,5.780887,3.7515945,20,0,2,1.0,0.0,1,1,0
Human_1_004h_patch_0,7,1618.5,152.1248904466629,47,46,2162,23.9126033782959,1796.4022644195425,2051.3512341672467,663.90625,575.453125,0.878864678983561,1.1378315955950538,1.0217391304347827,0.7486123959296948,0.9009674681761622,0.9806119357770373,0.9806119357770373,1.049341049996423,1650.5,144.97182822227478,46.28976058959961,44.583133697509766,0.2690305118968297,0.9985442069861161,22.572096,7.929728,5.308484,3,0,2,1.0,0.0,1,1,0
Human_1_004h_patch_0,8,179.0,50.62741661071777,16,16,256,8.324821472167969,217.72070410484775,225.0,592.8783569335938,465.6891784667969,0.8775893839262745,1.1394850693453797,1.0,0.69921875,0.822154239928413,0.9675675675675676,0.9675675675675676,1.033829312301052,185.0,48.97076916694641,16.024450302124023,14.367523193359375,0.442841193006976,0.9899154492691187,7.5906997,2.9915807,1.7553761,3,0,2,1.0,0.0,1,1,0
Human_1_004h_patch_0,9,370.5,72.5269113779068,22,23,506,11.70479965209961,430.405528833266,462.0,548.0,84.0,0.8851150193022851,1.12979666844686,0.9565217391304348,0.7322134387351779,0.8608160796733801,0.9762845849802372,0.9762845849802372,1.0391295423898004,379.5,69.79583239555359,22.46065902709961,21.115154266357422,0.34091246051548596,0.9946758582536441,10.7876,4.060027,2.530564,4,0,2,1.0,0.0,1,1,0
Human_1_004h_patch_0,10,202.5,54.870057225227356,17,18,306,8.797836303710938,243.16531463996884,266.39997933273844,394.5175476074219,310.5701904296875,0.8452089074135621,1.1831394478083728,0.9444444444444444,0.6617647058823529,0.8327667961190188,0.9574468085106383,0.9574468085106383,1.045877841938955,211.5,52.46316063404083,16.72570037841797,15.755725860595703,0.3355933876945373,0.9783909295315519,7.7969,3.097012,1.8298719,5,0,2,1.0,0.0,1,1,0
Human_1_004h_patch_0,11,292.5,64.5269113779068,22,19,418,10.808685302734375,367.0249748576465,377.9999253586284,693.2058715820312,476.558837890625,0.8827830356954474,1.1327811699646113,1.1578947368421053,0.6997607655502392,0.7969484913484386,0.975,0.975,1.0316953912446538,300.0,62.54453778266907,20.7919921875,18.120492935180664,0.4903722763913488,0.9884845326138427,9.5907,3.644691,2.2147439,4,0,2,1.0,0.0,1,1,0
Human_1_004h_patch_0,12,209.5,54.041630148887634,17,17,289,8.78598690032959,242.51073926177693,256.0,765.611083984375,34.38888931274414,0.9014403823518139,1.109335702701768,1.0,0.7249134948096886,0.8638792683480147,0.9789719626168224,0.9789719626168224,1.024458968105937,214.0,52.75138568878174,16.94559097290039,15.875277519226074,0.3497629533372584,0.9915533829109964,8.3938,3.19574,1.896642,3,0,2,1.0,0.0,1,1,0
Human_1_004h_patch_0,13,2307.5,191.09545290470123,65,51,3315,32.809539794921875,3381.817368163726,2920.829768172902,479.51422119140625,28.127521514892578,0.7940555166762335,1.2593577892208485,1.2745098039215685,0.696078431372549,0.6823254329824844,0.9687237615449202,0.9687237615449202,1.052957197724718,2382.0,181.48454022407532,67.34212493896484,45.15041732788086,0.7419427758131266,0.966280562154384,21.172096,8.512548,5.4735427,39,0,2,1.0,0.0,1,1,0
Human_1_004h_patch_0,14,188.5,52.041630148887634,17,16,272,8.484405517578125,226.14797752510344,240.0,229.8265380859375,360.7244873046875,0.8746200615524206,1.1433536045640598,1.0625,0.6930147058823529,0.8335250311008227,0.9716494845360825,0.9716494845360825,1.0348153681720855,194.0,50.2907395362854,16.17544937133789,15.11821460723877,0.3555965758795375,0.9814419394467699,7.5906997,3.0198116,1.767393,5,0,2,1.0,0.0,1,1,0
Human_1_004h_patch_0,15,483.5,83.69848430156708,26,24,624,13.78089427947998,596.6294337228003,575.0,266.9112243652344,158.81776428222656,0.867303613090203,1.1529987710266763,1.0833333333333333,0.7748397435897436,0.8103857648844034,0.9757820383451059,0.9757820383451059,1.0314297206420726,495.5,81.148024559021,26.290096282958984,23.87084197998047,0.4190167751970684,0.9809495731981176,11.984499,4.46814,2.7921317,5,0,2,1.0,0.0,1,1,0
Human_1_004h_patch_0,16,270.5,62.041630148887634,20,18,360,10.077921867370605,319.07431585767256,323.0,389.25,162.0,0.8831017240717806,1.1323723787891933,1.1111111111111112,0.7513888888888889,0.8477648828389566,0.9765342960288809,0.9765342960288809,1.0305699668504822,277.0,60.201279044151306,19.425622940063477,17.89915657043457,0.3885682318231239,0.9905350929550915,9.0,3.5562625,2.1618805,5,1,3,1.0,0.0,1,1,0
Human_1_004h_patch_0,17,302.5,66.04163014888763,20,20,400,11.107687950134277,387.61199998142297,361.0,790.2096557617188,370.7903137207031,0.8715647831264532,1.1473616412228447,1.0,0.75625,0.7804195948899876,0.9758064516129032,0.9758064516129032,1.034362520194228,310.0,63.84766352176666,21.079500198364258,18.441219329833984,0.484409471472072,0.9907989897326483,9.7876,3.8944066,2.2460232,8,0,2,1.0,0.0,1,1,0
Human_1_004h_patch_0,18,334.0,73.5979790687561,24,22,528,11.772997856140137,435.4356698825598,443.4439529511001,667.4324340820312,106.8108139038086,0.7748623377162982,1.2905518197557975,1.0909090909090908,0.6325757575757576,0.7670478628681988,0.9239280774550485,0.9239280774550485,1.0604529262107056,361.5,69.4024008512497,23.36258316040039,19.368267059326172,0.5592050983147605,0.9398206006304999,8.7876,3.5646594,2.1134033,15,0,2,1.0,0.0,1,1,0
Human_1_004h_patch_0,19,1334.5,160.46803629398346,56,34,1904,29.350584030151367,2706.346300578221,1815.0,213.17556762695312,11.912213325500488,0.6512554430967905,1.5354958036817186,1.6470588235294117,0.7008928571428571,0.4931002361800037,0.952873973580864,0.952873973580864,1.1023596746351305,1400.5,145.56776702404022,57.69007110595703,30.61118507385254,0.8476133024778649,0.9621604020046849,15.590698,6.248004,3.9195626,59,6,2,1.0,0.0,1,1,0
Human_1_004h_patch_0,20,220.5,56.870057225227356,20,16,320,9.617792129516602,290.60336942592255,285.0,662.5,96.5,0.8567441098250981,1.1672096586741019,1.25,0.6890625,0.7587661507008351,0.9671052631578947,0.9671052631578947,1.0345692611172104,228.0,54.96979212760925,18.776216506958008,15.215048789978027,0.5859651603463011,0.9827369346821159,8.0,3.188694,1.8927298,11,0,2,1.0,0.0,1,1,0
Human_1_004h_patch_0,21,92.5,35.55634891986847,11,12,132,5.911870002746582,109.79931333076716,110.0,302.78570556640625,741.2142944335938,0.9194270527664583,1.087633866102924,0.9166666666666666,0.7007575757575758,0.8424460699617173,0.9893048128342246,0.9893048128342246,1.0101218917727322,93.5,35.20005774497986,11.38288402557373,10.499340057373047,0.38628469621791156,0.9854566810980698,5.6,2.3552237,1.283812,1,0,0,1.0,0.0,1,1,0
Human_1_004h_patch_0,22,828.0,109.74011445045471,34,34,1156,17.313026428222656,941.6637594826921,1080.3998705950798,463.1498107910156,192.9759979248047,0.863991327578308,1.1574190250299299,1.0,0.7162629757785467,0.8792947500229447,0.9735449735449735,0.9735449735449735,1.0512765879803747,850.5,104.38748061656952,33.58689880371094,31.607994079589844,0.3381810941598389,0.993055713247223,15.378298,5.7487726,3.7315452,6,0,2,1.0,0.0,1,1,0
Human_1_004h_patch_0,23,94.0,37.79898953437805,14,11,154,6.96429443359375,152.37163237141934,125.99999400132947,226.5,369.5,0.8267559655292177,1.2095467607057258,1.2727272727272727,0.6103896103896104,0.6169127319635631,0.9591836734693877,0.9591836734693877,1.0303132478984007,98.0,36.686890721321106,13.633271217346191,9.004738807678223,0.7508284216653434,0.9749150562279533,4.9968996,2.2134647,1.137891,5,0,2,1.0,0.0,1,1,0
Human_1_004h_patch_0,24,120.0,41.79898953437805,13,14,182,7.032365322113037,155.3648321029633,154.9999911168561,124.5526351928711,448.4473571777344,0.863096874434215,1.1586184930347814,0.9285714285714286,0.6593406593406593,0.7723755651502501,0.97165991902834,0.97165991902834,1.0307511303350307,123.5,40.55197060108185,13.824795722961426,11.39362907409668,0.5663796227376224,0.9699973888795188,5.7938,2.4979424,1.3631543,7,0,2,1.0,0.0,1,1,0
Human_1_004h_patch_0,25,106.0,38.97056245803833,13,12,156,6.18475866317749,120.1698137005488,132.0,724.0,465.5,0.8770864089202386,1.1401385197965586,1.0833333333333333,0.6794871794871795,0.8820850822332257,0.9636363636363636,0.9636363636363636,1.0379584260575656,110.0,37.545398235321045,12.145783424377441,11.25240421295166,0.37642936759796697,0.9875182409340363,5.7938,2.430808,1.3414167,2,0,2,1.0,0.0,1,1,0
Human_1_004h_patch_0,26,1051.0,126.08326029777527,34,41,1394,22.000919342041016,1520.6579277135984,1320.0,492.90185546875,28.890186309814453,0.8308023556157716,1.2036557109408084,0.8292682926829268,0.7539454806312769,0.6911482068687482,0.9754060324825986,0.9754060324825986,1.0339257293479378,1077.5,121.94614827632904,42.46526336669922,32.95259475708008,0.6307459331758964,0.9562895175025479,16.181398,6.117623,3.9306247,19,0,2,1.0,0.0,1,1,0
